subject,roll_number,name,attr1,attr2,attr3,attr4,attr5,attr6,attr7,attr8,attr9,attr10,attr11,attr12,attr13,attr14,attr15,attr16,attr17,attr18,attr19,attr20,attr21,attr22,attr23,attr24,attr25,attr26,attr27,attr28,attr29,attr30,attr31,attr32,attr33,attr34,attr35,attr36,attr37,attr38
dbms,211413205001,bharath.M,2,2,0,1,0,2,2,2,1,2,,,6,0,0,AB,0,9,0,15,0,0,0,5,6,0,0,8,7,0,0,36,24,16,NIL,NIL,NIL,76
mp,211413205001,bharath,2,2,0,1,0,2,2,2,1,2,6,6,0,0,AB,0,9,0,15,0,0,0,5,6,0,0,8,7,0,0,36,24,16,NIL,NIL,NIL,76,
daa,211413205001,bharath,2,2,0,1,0,2,2,2,1,2,6,6,0,0,AB,0,9,0,15,0,0,0,5,6,0,0,8,7,0,0,36,24,16,NIL,NIL,NIL,76,
maths,211413205001,bharath,2,2,0,1,0,2,2,2,1,2,6,6,0,0,AB,0,9,0,15,0,0,0,5,6,0,0,8,7,0,0,36,24,16,NIL,NIL,NIL,76,
cn,211413205001,bharath,2,2,0,1,0,2,2,2,1,2,6,6,0,0,AB,0,9,0,15,0,0,0,5,6,0,0,8,7,0,0,36,24,16,NIL,NIL,NIL,76,
oose,211413205001,bharath,2,2,0,1,0,2,2,2,1,2,6,6,0,0,AB,0,9,0,15,0,0,0,5,6,0,0,8,7,0,0,36,24,16,NIL,NIL,NIL,76,
